,flight_AD,flight_datetime,flight_AL_Synchron_code,flight_number,flight_ID,flight_terminal_#,flight_AP,flight_AC_Synchron_code,flight_AC_PAX_capacity_total,flight_PAX,Aircraft_Stand
0,A,17.08.2019 11:05,U6,1,D,1,SVX,320,160,152,195
1,D,17.08.2019 19:15,U6,2,D,1,SIP,320,160,95,109
2,D,17.08.2019 11:55,U6,439,D,1,SVX,320,160,159,111
3,A,17.08.2019 18:20,U6,440,D,1,SIP,320,160,160,125
4,D,17.08.2019 12:05,AH,3001,I,5,ALG,738,160,94,17
5,D,17.08.2019 6:00,SU,2,D,1,LED,SU9,87,75,169
6,A,17.08.2019 9:35,SU,3,D,1,LED,SU9,87,79,202
7,D,17.08.2019 16:50,SU,1022,D,1,VOZ,SU9,87,64,190
8,A,17.08.2019 20:30,SU,1023,D,1,VOZ,SU9,87,82,139
9,D,17.08.2019 9:30,SU,1100,D,1,KRR,SU9,87,80,201
10,A,17.08.2019 15:25,SU,1101,D,1,KRR,SU9,87,83,88
11,D,17.08.2019 0:35,SU,1132,D,1,AER,SU9,87,82,217
12,A,17.08.2019 14:35,SU,1133,D,1,AER,SU9,87,70,185
13,D,17.08.2019 13:20,SU,1156,D,1,ROV,SU9,87,77,215
14,D,17.08.2019 1:55,SU,1164,D,1,ROV,SU9,87,81,124
15,A,17.08.2019 7:45,SU,1165,D,1,ROV,SU9,87,69,203
16,D,17.08.2019 17:35,SU,1186,D,1,VOG,SU9,87,79,11
17,A,17.08.2019 22:10,SU,1187,D,1,VOG,SU9,87,85,109
18,D,17.08.2019 1:50,SU,1206,D,1,KUF,SU9,87,76,139
19,A,17.08.2019 6:10,SU,1207,D,1,KUF,SU9,87,79,126
20,D,17.08.2019 1:25,SU,1218,D,1,PEE,SU9,87,85,90
21,A,17.08.2019 6:40,SU,1219,D,1,PEE,SU9,87,80,212
22,D,17.08.2019 9:45,SU,1220,D,1,GOJ,SU9,87,84,186
23,A,17.08.2019 13:15,SU,1221,D,1,GOJ,SU9,87,79,97
24,D,17.08.2019 16:30,SU,1226,D,1,GOJ,SU9,87,77,119
25,A,17.08.2019 19:55,SU,1227,D,1,GOJ,SU9,87,53,111
26,D,17.08.2019 6:00,SU,1228,D,1,GOJ,SU9,87,72,157
27,A,17.08.2019 9:25,SU,1229,D,1,GOJ,SU9,87,70,151
28,D,17.08.2019 9:30,SU,1230,D,1,UFA,SU9,87,84,219
29,A,17.08.2019 14:55,SU,1231,D,1,UFA,SU9,87,84,128
30,D,17.08.2019 18:05,SU,1260,D,1,UFA,SU9,87,48,144
31,A,17.08.2019 23:35,SU,1261,D,1,UFA,SU9,87,38,134
32,D,17.08.2019 10:45,SU,1286,D,1,ULV,SU9,87,85,203
33,A,17.08.2019 15:00,SU,1287,D,1,ULV,SU9,87,72,162
34,D,17.08.2019 1:50,SU,1288,D,1,ULV,SU9,87,82,121
35,A,17.08.2019 6:55,SU,1289,D,1,ULV,SU9,87,59,121
36,D,17.08.2019 16:55,SU,1292,D,1,IJK,SU9,87,82,96
37,A,17.08.2019 21:50,SU,1293,D,1,IJK,SU9,87,73,123
38,D,17.08.2019 23:25,SU,1294,D,1,IJK,SU9,87,72,105
39,A,17.08.2019 4:20,SU,1295,D,1,IJK,SU9,87,65,158
40,D,17.08.2019 17:50,SU,1316,D,1,MMK,SU9,87,70,218
41,A,17.08.2019 0:05,SU,1317,D,1,MMK,SU9,87,83,197
42,D,17.08.2019 7:15,SU,1320,D,1,MMK,SU9,87,78,88
43,A,17.08.2019 12:55,SU,1321,D,1,MMK,SU9,87,84,215
44,D,17.08.2019 16:20,SU,1330,D,1,ARH,SU9,87,74,201
45,A,17.08.2019 21:10,SU,1331,D,1,ARH,SU9,87,76,66
46,D,17.08.2019 8:10,SU,1332,D,1,ARH,SU9,87,83,165
47,A,17.08.2019 13:00,SU,1333,D,1,ARH,SU9,87,83,89
48,D,17.08.2019 0:05,SU,1334,D,1,ARH,SU9,87,76,207
49,A,17.08.2019 4:50,SU,1335,D,1,ARH,SU9,87,82,129
50,D,17.08.2019 8:55,SU,1350,D,1,VOZ,SU9,87,73,93
51,A,17.08.2019 12:20,SU,1351,D,1,VOZ,SU9,87,84,211
52,D,17.08.2019 23:50,SU,1352,D,1,VOZ,SU9,87,48,198
53,A,17.08.2019 7:30,SU,1353,D,1,VOZ,SU9,87,75,151
54,D,17.08.2019 6:35,SU,1356,D,1,RTW,SU9,87,75,103
55,A,17.08.2019 11:10,SU,1357,D,1,RTW,SU9,87,82,121
56,D,17.08.2019 19:15,SU,1358,D,1,RTW,SU9,87,65,112
57,A,17.08.2019 23:35,SU,1359,D,1,RTW,SU9,87,72,145
58,D,17.08.2019 9:45,SU,1360,D,1,RTW,SU9,87,78,119
59,A,17.08.2019 14:05,SU,1361,D,1,RTW,SU9,87,53,211
60,D,17.08.2019 16:40,SU,1362,D,1,RTW,SU9,87,41,158
61,A,17.08.2019 21:05,SU,1363,D,1,RTW,SU9,87,48,104
62,D,17.08.2019 17:35,SU,1364,D,1,STW,SU9,87,86,186
63,A,17.08.2019 23:15,SU,1365,D,1,STW,SU9,87,70,143
64,D,17.08.2019 9:00,SU,1366,D,1,STW,SU9,87,87,170
65,A,17.08.2019 14:25,SU,1367,D,1,STW,SU9,87,84,130
66,D,17.08.2019 21:10,SU,1368,D,1,STW,SU9,87,54,95
67,A,17.08.2019 5:15,SU,1369,D,1,STW,SU9,87,78,124
68,D,17.08.2019 10:25,SU,1370,D,1,EGO,SU9,87,76,194
69,A,17.08.2019 14:20,SU,1371,D,1,EGO,SU9,87,70,208
70,D,17.08.2019 23:55,SU,1372,D,1,EGO,SU9,87,37,190
71,A,17.08.2019 4:10,SU,1373,D,1,EGO,SU9,87,75,217
72,D,17.08.2019 19:40,SU,1374,D,1,EGO,SU9,87,66,98
73,A,17.08.2019 23:35,SU,1375,D,1,EGO,SU9,87,77,124
74,D,17.08.2019 11:45,SU,1376,D,1,RTW,SU9,87,83,192
75,A,17.08.2019 15:55,SU,1377,D,1,RTW,SU9,87,77,154
76,D,17.08.2019 15:25,SU,1378,D,1,RTW,SU9,87,41,205
77,A,17.08.2019 19:40,SU,1379,D,1,RTW,SU9,87,49,106
78,D,17.08.2019 13:55,SU,1388,D,1,ULV,SU9,87,44,210
79,A,17.08.2019 18:05,SU,1389,D,1,ULV,SU9,87,43,112
80,D,17.08.2019 8:40,SU,1390,D,1,SCW,SU9,87,87,89
81,A,17.08.2019 13:50,SU,1391,D,1,SCW,SU9,87,70,167
82,D,17.08.2019 12:50,SU,1392,D,1,PEE,SU9,87,83,213
83,A,17.08.2019 22:10,SU,1393,D,1,PEE,SU9,87,76,201
84,D,17.08.2019 22:40,SU,1396,D,1,SCW,SU9,87,79,248
85,A,17.08.2019 4:35,SU,1397,D,1,SCW,SU9,87,70,191
86,D,17.08.2019 15:20,SU,1404,D,1,SVX,SU9,87,68,110
87,A,17.08.2019 21:35,SU,1405,D,1,SVX,SU9,87,79,143
88,D,17.08.2019 0:40,SU,1428,D,1,MQF,SU9,87,78,174
89,A,17.08.2019 6:30,SU,1429,D,1,MQF,SU9,87,87,182
90,D,17.08.2019 14:45,SU,1434,D,1,MQF,SU9,87,77,210
91,A,17.08.2019 20:55,SU,1435,D,1,MQF,SU9,87,70,206
92,D,17.08.2019 21:30,SU,1466,D,1,SKX,SU9,87,40,168
93,A,17.08.2019 7:45,SU,1467,D,1,SKX,SU9,87,69,99
94,D,17.08.2019 1:30,SU,1508,D,1,TJM,SU9,87,87,90
95,A,17.08.2019 8:20,SU,1509,D,1,TJM,SU9,87,86,118
96,D,17.08.2019 7:25,SU,1642,D,1,ASF,SU9,87,84,215
97,A,17.08.2019 13:05,SU,1643,D,1,ASF,SU9,87,87,146
98,D,17.08.2019 14:25,SU,1680,D,1,NBC,SU9,87,76,180
99,A,17.08.2019 19:25,SU,1681,D,1,NBC,SU9,87,77,100
100,D,17.08.2019 8:35,SU,1830,I,3,MSQ,SU9,87,75,8
101,A,17.08.2019 12:15,SU,1831,I,2,MSQ,SU9,87,78,80
102,D,17.08.2019 18:10,SU,1832,I,3,MSQ,SU9,87,57,156
103,A,17.08.2019 21:55,SU,1833,I,2,MSQ,SU9,87,82,50
104,D,17.08.2019 22:00,SU,1834,I,3,MSQ,SU9,87,78,59
105,A,17.08.2019 7:40,SU,1835,I,2,MSQ,SU9,87,79,42
106,D,17.08.2019 13:25,SU,1840,I,3,MSQ,SU9,87,68,187
107,A,17.08.2019 17:35,SU,1841,I,2,MSQ,SU9,87,77,74
108,D,17.08.2019 16:50,SU,1842,I,3,MSQ,SU9,87,80,201
109,A,17.08.2019 20:45,SU,1843,I,2,MSQ,SU9,87,79,71
110,D,17.08.2019 9:20,SU,2034,I,5,OTP,SU9,87,61,5
111,A,17.08.2019 16:25,SU,2035,I,5,OTP,SU9,87,63,213
112,D,17.08.2019 20:55,SU,2038,I,5,OTP,SU9,87,58,42
113,A,17.08.2019 5:05,SU,2039,I,3,OTP,SU9,87,69,10
114,D,17.08.2019 11:50,SU,2100,I,3,RIX,SU9,87,83,48
115,A,17.08.2019 16:10,SU,2101,I,3,RIX,SU9,87,77,78
116,D,17.08.2019 22:55,SU,2118,I,3,RIX,SU9,87,59,14
117,A,17.08.2019 4:30,SU,2119,I,3,RIX,SU9,87,78,62
118,D,17.08.2019 16:10,SU,2164,I,3,VNO,SU9,87,70,177
119,A,17.08.2019 20:45,SU,2165,I,3,VNO,SU9,87,82,58
120,D,17.08.2019 10:40,SU,2206,I,3,HEL,SU9,87,81,27
121,A,17.08.2019 15:10,SU,2207,I,3,HEL,SU9,87,72,63
122,D,17.08.2019 18:55,SU,2262,I,5,TLL,SU9,87,61,218
123,A,17.08.2019 23:30,SU,2263,I,3,TLL,SU9,87,72,50
124,D,17.08.2019 11:25,SU,2344,I,3,DRS,SU9,87,78,9
125,A,17.08.2019 17:55,SU,2345,I,3,DRS,SU9,87,66,277
126,D,17.08.2019 6:45,SU,6,D,1,LED,73H,158,147,122
127,A,17.08.2019 10:40,SU,7,D,1,LED,73H,158,142,194
128,D,17.08.2019 8:20,SU,10,D,1,LED,32A,158,144,103
129,A,17.08.2019 12:00,SU,11,D,1,LED,32A,158,127,205
130,D,17.08.2019 9:40,SU,12,D,1,LED,73H,158,158,124
131,A,17.08.2019 13:25,SU,13,D,1,LED,73H,158,152,122
132,D,17.08.2019 10:55,SU,14,D,1,LED,32A,158,127,127
133,A,17.08.2019 14:40,SU,15,D,1,LED,32A,158,156,190
134,D,17.08.2019 11:30,SU,16,D,1,LED,73H,158,136,199
135,A,17.08.2019 15:10,SU,17,D,1,LED,73H,158,155,115
136,D,17.08.2019 12:25,SU,18,D,1,LED,73H,158,127,165
137,A,17.08.2019 16:25,SU,19,D,1,LED,73H,158,151,131
138,D,17.08.2019 13:35,SU,20,D,1,LED,32A,158,155,171
139,A,17.08.2019 17:20,SU,21,D,1,LED,32A,158,158,177
140,D,17.08.2019 15:20,SU,22,D,1,LED,32A,158,154,113
141,A,17.08.2019 19:00,SU,23,D,1,LED,32A,158,155,134
142,D,17.08.2019 17:10,SU,24,D,1,LED,32A,158,148,156
143,A,17.08.2019 20:50,SU,25,D,1,LED,32A,158,154,122
144,D,17.08.2019 18:20,SU,26,D,1,LED,32A,158,152,88
145,A,17.08.2019 22:00,SU,27,D,1,LED,32A,158,158,134
146,D,17.08.2019 19:40,SU,28,D,1,LED,73H,158,126,161
147,A,17.08.2019 23:45,SU,29,D,1,LED,73H,158,125,197
148,D,17.08.2019 20:30,SU,30,D,1,LED,73H,158,113,129
149,A,17.08.2019 0:25,SU,31,D,1,LED,73H,158,119,109
150,D,17.08.2019 21:00,SU,32,D,1,LED,32A,158,138,6
151,A,17.08.2019 7:20,SU,33,D,1,LED,32A,158,136,181
152,D,17.08.2019 23:15,SU,34,D,1,LED,32A,158,152,174
153,A,17.08.2019 6:25,SU,35,D,1,LED,32A,158,141,123
154,D,17.08.2019 1:30,SU,36,D,1,LED,32A,158,145,193
155,A,17.08.2019 5:05,SU,37,D,1,LED,32A,158,151,107
156,D,17.08.2019 16:25,SU,38,D,1,LED,32A,158,147,195
157,A,17.08.2019 20:00,SU,39,D,1,LED,32A,158,155,197
158,D,17.08.2019 11:55,SU,42,D,1,LED,32A,158,153,199
159,A,17.08.2019 15:35,SU,43,D,1,LED,32A,158,152,115
160,D,17.08.2019 21:30,SU,44,D,1,LED,32A,158,144,130
161,A,17.08.2019 1:10,SU,45,D,1,LED,32A,158,122,142
162,D,17.08.2019 0:40,SU,46,D,1,LED,73H,158,154,114
163,A,17.08.2019 8:30,SU,47,D,1,LED,73H,158,140,115
164,D,17.08.2019 6:55,SU,506,I,3,TLV,73H,158,142,32
165,A,17.08.2019 16:50,SU,507,I,3,TLV,73H,158,148,54
166,A,17.08.2019 6:20,SU,511,I,3,BEY,32A,158,140,4
167,D,17.08.2019 21:05,SU,512,I,2,IKA,32A,158,86,178
168,A,17.08.2019 5:55,SU,513,I,2,IKA,32A,158,147,1
169,D,17.08.2019 8:15,SU,520,I,5,DXB,73H,158,158,14
170,A,17.08.2019 20:50,SU,521,I,5,DXB,73H,158,147,36
171,D,17.08.2019 18:40,SU,524,I,5,DXB,73H,158,152,3
172,A,17.08.2019 6:50,SU,525,I,5,DXB,73H,158,136,31
173,D,17.08.2019 6:40,SU,1000,D,1,KGD,73H,158,152,193
174,A,17.08.2019 11:20,SU,1001,D,1,KGD,73H,158,158,120
175,D,17.08.2019 10:10,SU,1002,D,1,KGD,32A,158,127,127
176,A,17.08.2019 15:15,SU,1003,D,1,KGD,32A,158,127,112
177,D,17.08.2019 13:45,SU,1004,D,1,KGD,32A,158,157,71
178,A,17.08.2019 19:00,SU,1005,D,1,KGD,32A,158,127,120
179,D,17.08.2019 18:30,SU,1006,D,1,KGD,73H,158,127,131
180,A,17.08.2019 23:25,SU,1007,D,1,KGD,73H,158,127,1
181,D,17.08.2019 20:05,SU,1008,D,1,KGD,32A,158,156,89
182,A,17.08.2019 5:50,SU,1009,D,1,KGD,32A,158,127,114
183,D,17.08.2019 16:35,SU,1010,D,1,KGD,32A,158,153,209
184,A,17.08.2019 21:20,SU,1011,D,1,KGD,32A,158,127,162
185,D,17.08.2019 7:50,SU,1042,D,1,OGZ,32A,158,140,117
186,A,17.08.2019 14:20,SU,1043,D,1,OGZ,32A,158,154,129
187,D,17.08.2019 8:05,SU,1052,D,1,MCX,32A,158,125,125
188,A,17.08.2019 15:00,SU,1053,D,1,MCX,32A,158,127,124
189,D,17.08.2019 22:00,SU,1056,D,1,MCX,32A,158,59,110
190,A,17.08.2019 4:45,SU,1057,D,1,MCX,32A,158,155,213
191,D,17.08.2019 15:00,SU,1058,D,1,MCX,32A,158,97,127
192,A,17.08.2019 21:40,SU,1059,D,1,MCX,32A,158,127,173
193,D,17.08.2019 15:10,SU,1064,D,1,NAL,32A,158,119,111
194,A,17.08.2019 21:00,SU,1065,D,1,NAL,32A,158,153,206
195,D,17.08.2019 14:50,SU,1078,D,1,IGT,32A,158,115,162
196,A,17.08.2019 21:30,SU,1079,D,1,IGT,32A,158,127,177
197,D,17.08.2019 12:25,SU,1102,D,1,KRR,73H,158,147,204
198,A,17.08.2019 18:00,SU,1103,D,1,KRR,73H,158,127,220
199,D,17.08.2019 14:40,SU,1104,D,1,KRR,73H,158,109,175
200,A,17.08.2019 20:25,SU,1105,D,1,KRR,73H,158,154,206
201,D,17.08.2019 15:55,SU,1106,D,1,KRR,73H,158,115,111
202,A,17.08.2019 21:35,SU,1107,D,1,KRR,73H,158,156,89
203,D,17.08.2019 23:35,SU,1112,D,1,KRR,32A,158,98,82
204,A,17.08.2019 5:05,SU,1113,D,1,KRR,32A,158,149,101
205,D,17.08.2019 10:30,SU,1116,D,3,AER,32A,158,157,78
206,A,17.08.2019 17:05,SU,1117,D,3,AER,32A,158,157,2
207,D,17.08.2019 19:00,SU,1118,D,1,AER,73H,158,138,97
208,A,17.08.2019 0:55,SU,1119,D,1,AER,73H,158,157,220
209,D,17.08.2019 6:05,SU,1120,D,1,AER,73H,158,141,194
210,A,17.08.2019 12:00,SU,1121,D,1,AER,73H,158,127,121
211,D,17.08.2019 12:20,SU,1122,D,1,AER,73H,158,158,125
212,A,17.08.2019 18:30,SU,1123,D,1,AER,73H,158,156,138
213,D,17.08.2019 14:10,SU,1124,D,1,AER,32A,158,154,151
214,A,17.08.2019 20:10,SU,1125,D,1,AER,32A,158,127,179
215,D,17.08.2019 23:10,SU,1128,D,1,AER,73H,158,101,167
216,A,17.08.2019 5:20,SU,1129,D,1,AER,73H,158,157,131
217,D,17.08.2019 17:45,SU,1130,D,1,AER,32A,158,149,200
218,A,17.08.2019 23:50,SU,1131,D,1,AER,32A,158,127,98
219,D,17.08.2019 9:05,SU,1134,D,1,AER,73H,158,156,214
220,A,17.08.2019 15:25,SU,1135,D,1,AER,73H,158,156,86
221,D,17.08.2019 20:50,SU,1140,D,1,AER,32A,158,108,150
222,A,17.08.2019 9:20,SU,1141,D,1,AER,32A,158,156,113
223,D,17.08.2019 15:00,SU,1142,D,1,AAQ,32A,158,152,213
224,A,17.08.2019 20:40,SU,1143,D,1,AAQ,32A,158,148,170
225,D,17.08.2019 21:50,SU,1144,D,1,AAQ,73H,158,93,208
226,A,17.08.2019 8:25,SU,1145,D,1,AAQ,73H,158,155,190
227,D,17.08.2019 6:30,SU,1146,D,1,AAQ,32A,158,147,122
228,A,17.08.2019 12:05,SU,1147,D,1,AAQ,32A,158,153,153
229,D,17.08.2019 15:35,SU,1148,D,1,GDZ,32A,158,148,86
230,A,17.08.2019 21:15,SU,1149,D,1,GDZ,32A,158,143,151
231,D,17.08.2019 13:10,SU,1150,D,1,GDZ,32A,158,152,86
232,A,17.08.2019 19:05,SU,1151,D,1,GDZ,32A,158,150,184
233,D,17.08.2019 8:10,SU,1152,D,1,GDZ,32A,158,156,122
234,A,17.08.2019 14:10,SU,1153,D,1,GDZ,32A,158,143,198
235,D,17.08.2019 7:30,SU,1158,D,1,ROV,73H,158,129,189
236,A,17.08.2019 12:30,SU,1159,D,1,ROV,73H,158,150,208
237,D,17.08.2019 9:00,SU,1162,D,1,ROV,32A,158,128,202
238,A,17.08.2019 13:55,SU,1163,D,1,ROV,32A,158,150,130
239,D,17.08.2019 21:35,SU,1172,D,1,ASF,32A,158,158,217
240,A,17.08.2019 8:40,SU,1173,D,1,ASF,32A,158,154,202
241,D,17.08.2019 14:50,SU,1174,D,1,ASF,32A,158,146,170
242,A,17.08.2019 20:30,SU,1175,D,1,ASF,32A,158,127,189
243,D,17.08.2019 14:55,SU,1182,D,1,VOG,73H,158,149,159
244,A,17.08.2019 19:35,SU,1183,D,1,VOG,73H,158,157,187
245,D,17.08.2019 22:50,SU,1184,D,1,VOG,73H,158,146,143
246,A,17.08.2019 7:50,SU,1185,D,1,VOG,73H,158,148,205
247,D,17.08.2019 2:00,SU,1188,D,1,VOG,73H,158,151,105
248,A,17.08.2019 9:45,SU,1189,D,1,VOG,73H,158,152,118
249,D,17.08.2019 16:00,SU,1192,D,1,KZN,32A,158,149,108
250,A,17.08.2019 20:25,SU,1193,D,1,KZN,32A,158,70,117
251,D,17.08.2019 0:45,SU,1196,D,1,KZN,73H,158,139,115
252,A,17.08.2019 5:00,SU,1197,D,1,KZN,73H,158,78,214
253,A,17.08.2019 8:35,SU,1199,D,1,KZN,32A,158,70,122
254,D,17.08.2019 7:20,SU,1200,D,1,PEE,32A,158,157,103
255,A,17.08.2019 12:35,SU,1201,D,1,PEE,32A,158,155,152
256,D,17.08.2019 9:40,SU,1208,D,1,KUF,32A,158,150,219
257,A,17.08.2019 14:05,SU,1209,D,1,KUF,32A,158,150,185
258,D,17.08.2019 8:10,SU,1210,D,1,KUF,32A,158,140,89
259,A,17.08.2019 13:00,SU,1211,D,1,KUF,32A,158,141,97
260,D,17.08.2019 13:45,SU,1212,D,1,KUF,73H,158,118,208
261,A,17.08.2019 18:25,SU,1213,D,1,KUF,73H,158,126,175
262,D,17.08.2019 17:05,SU,1214,D,1,KUF,73H,158,121,89
263,A,17.08.2019 21:30,SU,1215,D,1,KUF,73H,158,126,90
264,D,17.08.2019 22:35,SU,1216,D,1,KUF,73H,158,115,97
265,A,17.08.2019 7:20,SU,1217,D,1,KUF,32A,158,139,124
266,D,17.08.2019 0:10,SU,1222,D,1,GOJ,73H,158,127,196
267,A,17.08.2019 6:15,SU,1223,D,1,GOJ,73H,158,132,124
268,D,17.08.2019 18:30,SU,1224,D,1,GOJ,73H,158,99,112
269,A,17.08.2019 21:50,SU,1225,D,1,GOJ,73H,158,78,5
270,D,17.08.2019 14:20,SU,1232,D,1,UFA,32A,158,158,119
271,A,17.08.2019 19:40,SU,1233,D,1,UFA,32A,158,151,128
272,D,17.08.2019 1:40,SU,1234,D,1,UFA,32A,158,149,113
273,A,17.08.2019 8:15,SU,1235,D,1,UFA,32A,158,152,215
274,D,17.08.2019 20:10,SU,1238,D,1,UFA,32A,158,109,109
275,A,17.08.2019 5:50,SU,1239,D,1,UFA,32A,158,150,173
276,D,17.08.2019 15:35,SU,1248,D,1,REN,73H,158,158,108
277,A,17.08.2019 21:10,SU,1249,D,1,REN,73H,158,136,214
278,D,17.08.2019 21:50,SU,1250,D,1,NBC,32A,158,88,138
279,A,17.08.2019 6:45,SU,1251,D,1,NBC,32A,158,90,177
280,D,17.08.2019 7:00,SU,1254,D,1,NBC,32A,158,129,117
281,A,17.08.2019 11:45,SU,1255,D,1,NBC,32A,158,135,188
282,D,17.08.2019 16:00,SU,1258,D,1,UFA,32A,158,126,42
283,A,17.08.2019 21:15,SU,1259,D,1,UFA,32A,158,135,137
284,D,17.08.2019 8:20,SU,1268,D,1,KZN,32A,158,144,101
285,A,17.08.2019 12:25,SU,1269,D,1,KZN,32A,158,49,100
286,D,17.08.2019 21:50,SU,1274,D,1,KRR,73H,158,100,128
287,A,17.08.2019 8:25,SU,1275,D,1,KRR,73H,158,149,155
288,D,17.08.2019 11:05,SU,1276,D,1,KZN,73H,158,149,196
289,A,17.08.2019 15:10,SU,1277,D,1,KZN,73H,158,125,105
290,D,17.08.2019 6:00,SU,1284,D,1,KRR,73H,158,132,125
291,A,17.08.2019 12:55,SU,1285,D,1,KRR,73H,158,158,189
292,D,17.08.2019 2:40,SU,1300,D,1,MRV,32A,158,139,191
293,A,17.08.2019 9:35,SU,1301,D,1,MRV,32A,158,150,193
294,D,17.08.2019 16:30,SU,1302,D,1,MRV,73H,158,136,123
295,A,17.08.2019 22:15,SU,1303,D,1,MRV,73H,158,151,156
296,D,17.08.2019 7:45,SU,1304,D,1,MRV,32A,158,144,107
297,A,17.08.2019 13:30,SU,1305,D,1,MRV,32A,158,158,158
298,D,17.08.2019 1:05,SU,1306,D,1,OVB,73H,158,150,123
299,A,17.08.2019 10:25,SU,1307,D,1,OVB,73H,158,158,218
300,D,17.08.2019 20:55,SU,1314,D,1,MRV,73H,158,131,89
301,A,17.08.2019 4:55,SU,1315,D,1,MRV,73H,158,152,204
302,D,17.08.2019 23:20,SU,1322,D,1,MMK,32A,158,127,195
303,A,17.08.2019 5:10,SU,1323,D,1,MMK,32A,158,146,208
304,D,17.08.2019 20:25,SU,1340,D,1,GOJ,32A,158,81,150
305,A,17.08.2019 23:45,SU,1341,D,1,GOJ,32A,158,71,128
306,D,17.08.2019 1:00,SU,1382,D,1,HMA,73H,158,154,209
307,A,17.08.2019 8:05,SU,1383,D,1,HMA,73H,158,147,196
308,D,17.08.2019 22:20,SU,1394,D,1,PEE,32A,158,126,153
309,A,17.08.2019 8:00,SU,1395,D,1,PEE,32A,158,155,115
310,D,17.08.2019 8:30,SU,1400,D,1,SVX,32A,158,153,93
311,A,17.08.2019 14:30,SU,1401,D,1,SVX,32A,158,151,129
312,D,17.08.2019 11:20,SU,1402,D,1,SVX,73H,158,145,169
313,A,17.08.2019 17:30,SU,1403,D,1,SVX,73H,158,154,106
314,D,17.08.2019 21:30,SU,1406,D,1,SVX,32A,158,140,163
315,A,17.08.2019 7:30,SU,1407,D,1,SVX,32A,158,156,190
316,D,17.08.2019 23:45,SU,1408,D,1,SVX,32A,158,128,160
317,A,17.08.2019 5:45,SU,1409,D,1,SVX,32A,158,156,119
318,D,17.08.2019 6:45,SU,1410,D,1,SVX,32A,158,127,120
319,A,17.08.2019 12:40,SU,1411,D,1,SVX,32A,158,157,122
320,D,17.08.2019 13:30,SU,1412,D,1,SVX,32A,158,147,126
321,A,17.08.2019 19:20,SU,1413,D,1,SVX,32A,158,157,211
322,D,17.08.2019 17:30,SU,1414,D,1,SVX,73H,158,150,199
323,A,17.08.2019 23:40,SU,1415,D,1,SVX,73H,158,149,109
324,D,17.08.2019 6:50,SU,1420,D,1,CEK,32A,158,152,204
325,A,17.08.2019 12:45,SU,1421,D,1,CEK,32A,158,150,161
326,D,17.08.2019 14:00,SU,1422,D,1,CEK,32A,158,156,208
327,A,17.08.2019 20:05,SU,1423,D,1,CEK,32A,158,127,140
328,D,17.08.2019 0:05,SU,1424,D,1,CEK,32A,158,151,126
329,A,17.08.2019 6:00,SU,1425,D,1,CEK,32A,158,156,202
330,D,17.08.2019 17:45,SU,1426,D,1,CEK,32A,158,140,117
331,A,17.08.2019 0:20,SU,1427,D,1,CEK,32A,158,155,196
332,D,17.08.2019 21:40,SU,1430,D,3,BAX,73H,158,135,63
333,A,17.08.2019 7:35,SU,1431,D,3,BAX,73H,158,155,22
334,D,17.08.2019 9:05,SU,1432,D,3,BAX,32A,158,144,35
335,A,17.08.2019 18:35,SU,1433,D,3,BAX,32A,158,157,88
336,D,17.08.2019 1:55,SU,1436,D,1,SVX,32A,158,127,110
337,A,17.08.2019 9:15,SU,1437,D,1,SVX,32A,158,157,198
338,D,17.08.2019 17:25,SU,1440,D,1,IKT,73H,158,132,113
339,A,17.08.2019 6:40,SU,1441,D,1,IKT,73H,158,157,209
340,D,17.08.2019 7:30,SU,1444,D,1,IKT,73H,158,130,217
341,A,17.08.2019 20:40,SU,1445,D,1,IKT,73H,158,157,176
342,D,17.08.2019 23:15,SU,1446,D,3,BAX,32A,158,151,97
343,A,17.08.2019 8:50,SU,1447,D,3,BAX,32A,158,127,192
344,D,17.08.2019 22:20,SU,1458,D,3,NOZ,73H,158,132,82
345,A,17.08.2019 8:25,SU,1459,D,3,NOZ,73H,158,155,4
346,D,17.08.2019 9:10,SU,1460,D,1,OVB,73H,158,147,151
347,A,17.08.2019 18:45,SU,1461,D,1,OVB,73H,158,127,160
348,D,17.08.2019 6:25,SU,1462,D,1,OVB,73H,158,156,97
349,A,17.08.2019 15:55,SU,1463,D,1,OVB,73H,158,157,120
350,D,17.08.2019 1:50,SU,1472,D,3,NJC,73H,158,154,31
351,A,17.08.2019 10:00,SU,1473,D,3,NJC,73H,158,154,215
352,D,17.08.2019 0:10,SU,1478,D,3,ABA,73H,158,151,69
353,A,17.08.2019 10:55,SU,1479,D,3,ABA,73H,158,127,69
354,D,17.08.2019 20:25,SU,1480,D,1,KJA,32A,158,144,189
355,A,17.08.2019 7:10,SU,1481,D,1,KJA,32A,158,158,114
356,D,17.08.2019 7:40,SU,1486,D,1,KJA,73H,158,141,184
357,A,17.08.2019 18:50,SU,1487,D,1,KJA,73H,158,157,176
358,D,17.08.2019 11:40,SU,1490,D,1,SLY,32A,158,115,115
359,A,17.08.2019 18:55,SU,1491,D,1,SLY,32A,158,112,127
360,D,17.08.2019 8:05,SU,1498,D,1,GRV,32A,158,132,215
361,A,17.08.2019 14:50,SU,1499,D,1,GRV,32A,158,158,189
362,D,17.08.2019 8:25,SU,1500,D,1,TJM,32A,158,157,104
363,A,17.08.2019 15:15,SU,1501,D,1,TJM,32A,158,157,197
364,D,17.08.2019 23:40,SU,1502,D,1,TJM,32A,158,127,102
365,A,17.08.2019 6:20,SU,1503,D,1,TJM,32A,158,152,205
366,D,17.08.2019 14:00,SU,1506,D,1,TJM,73H,158,146,119
367,A,17.08.2019 20:55,SU,1507,D,1,TJM,73H,158,149,172
368,D,17.08.2019 21:45,SU,1510,D,1,SGC,32A,158,149,95
369,A,17.08.2019 6:15,SU,1511,D,1,SGC,32A,158,150,112
370,D,17.08.2019 1:35,SU,1512,D,1,SGC,32A,158,127,217
371,A,17.08.2019 9:30,SU,1513,D,1,SGC,32A,158,155,184
372,D,17.08.2019 6:40,SU,1516,D,1,SGC,32A,158,156,180
373,A,17.08.2019 14:00,SU,1517,D,1,SGC,32A,158,152,97
374,D,17.08.2019 1:55,SU,1522,D,1,NUX,32A,158,154,113
375,A,17.08.2019 10:40,SU,1523,D,1,NUX,32A,158,153,123
376,D,17.08.2019 23:05,SU,1530,D,3,TOF,73H,158,143,207
377,A,17.08.2019 8:55,SU,1531,D,3,TOF,73H,158,157,6
378,D,17.08.2019 22:15,SU,1532,D,1,CEK,32A,158,151,188
379,A,17.08.2019 8:00,SU,1533,D,1,CEK,32A,158,152,205
380,D,17.08.2019 17:50,SU,1542,D,1,AAQ,32A,158,136,160
381,A,17.08.2019 0:05,SU,1543,D,1,AAQ,32A,158,146,117
382,D,17.08.2019 8:15,SU,1546,D,1,AAQ,32A,158,152,206
383,A,17.08.2019 13:40,SU,1547,D,1,AAQ,32A,158,147,105
384,D,17.08.2019 20:35,SU,1548,D,1,OVB,73H,158,138,111
385,A,17.08.2019 6:10,SU,1549,D,1,OVB,32A,158,127,111
386,D,17.08.2019 1:05,SU,1562,D,1,IKT,73H,158,146,114
387,A,17.08.2019 14:15,SU,1563,D,1,IKT,73H,158,157,116
388,D,17.08.2019 6:25,SU,1602,D,1,KUF,73H,158,140,190
389,A,17.08.2019 10:50,SU,1603,D,1,KUF,73H,158,135,161
390,D,17.08.2019 16:10,SU,1618,D,1,SIP,32A,158,127,119
391,A,17.08.2019 22:10,SU,1619,D,1,SIP,32A,158,127,179
392,D,17.08.2019 9:15,SU,1620,D,1,SIP,32A,158,155,211
393,A,17.08.2019 15:30,SU,1621,D,1,SIP,32A,158,127,214
394,D,17.08.2019 11:45,SU,1622,D,1,SIP,73H,158,127,212
395,A,17.08.2019 18:15,SU,1623,D,1,SIP,73H,158,127,196
396,D,17.08.2019 14:55,SU,1624,D,1,SIP,32A,158,127,176
397,A,17.08.2019 21:20,SU,1625,D,1,SIP,32A,158,127,125
398,D,17.08.2019 21:00,SU,1626,D,1,SIP,73H,158,151,143
399,A,17.08.2019 5:00,SU,1627,D,1,SIP,73H,158,158,88
400,D,17.08.2019 13:35,SU,1628,D,1,SIP,32A,158,152,185
401,A,17.08.2019 19:50,SU,1629,D,1,SIP,32A,158,127,194
402,D,17.08.2019 1:20,SU,1632,D,1,SIP,32A,158,127,130
403,A,17.08.2019 7:25,SU,1633,D,1,SIP,32A,158,158,212
404,D,17.08.2019 6:10,SU,1636,D,1,SIP,32A,158,153,118
405,A,17.08.2019 12:20,SU,1637,D,1,SIP,32A,158,157,195
406,D,17.08.2019 0:40,SU,1638,D,3,OMS,32A,158,146,36
407,A,17.08.2019 8:35,SU,1639,D,3,OMS,32A,158,127,17
408,D,17.08.2019 6:15,SU,1640,D,3,OMS,73H,158,151,7
409,A,17.08.2019 14:10,SU,1641,D,3,OMS,73H,158,127,40
410,D,17.08.2019 7:25,SU,1644,D,1,SIP,32A,158,127,155
411,A,17.08.2019 13:25,SU,1645,D,1,SIP,32A,158,157,128
412,D,17.08.2019 22:50,SU,1646,D,3,NJC,32A,158,127,42
413,A,17.08.2019 7:00,SU,1647,D,3,NJC,32A,158,158,218
414,D,17.08.2019 12:40,SU,1648,D,1,SIP,32A,158,127,182
415,A,17.08.2019 19:10,SU,1649,D,1,SIP,32A,158,127,120
416,D,17.08.2019 17:25,SU,1658,D,1,SIP,32A,158,127,115
417,A,17.08.2019 23:55,SU,1659,D,1,SIP,32A,158,157,105
418,A,17.08.2019 11:25,SU,1751,D,1,YKS,73H,158,149,188
419,D,17.08.2019 10:00,SU,1758,D,1,VOG,73H,158,127,123
420,A,17.08.2019 14:50,SU,1759,D,1,VOG,73H,158,127,129
421,D,17.08.2019 22:25,SU,1762,D,3,OMS,32A,158,156,216
422,A,17.08.2019 6:25,SU,1763,D,3,OMS,32A,158,127,45
423,D,17.08.2019 15:05,SU,1768,D,1,PEE,32A,158,140,110
424,A,17.08.2019 20:20,SU,1769,D,1,PEE,32A,158,152,121
425,D,17.08.2019 22:45,SU,1844,I,3,KIV,32A,158,141,38
426,D,17.08.2019 9:55,SU,1854,I,5,GYD,73H,158,138,202
427,A,17.08.2019 17:20,SU,1855,I,5,GYD,73H,158,156,21
428,D,17.08.2019 6:30,SU,1858,I,3,EVN,32A,158,151,32
429,A,17.08.2019 13:10,SU,1859,I,3,EVN,32A,158,127,34
430,D,17.08.2019 9:45,SU,1860,I,3,EVN,32A,158,146,37
431,A,17.08.2019 16:45,SU,1861,I,3,EVN,32A,158,127,77
432,D,17.08.2019 2:05,SU,1864,I,3,EVN,32A,158,136,21
433,A,17.08.2019 9:40,SU,1865,I,3,EVN,32A,158,154,200
434,D,17.08.2019 20:40,SU,1868,I,3,EVN,73H,158,154,199
435,A,17.08.2019 4:45,SU,1869,I,3,EVN,73H,158,127,2
436,D,17.08.2019 8:10,SU,1872,I,3,TAS,73H,158,153,5
437,A,17.08.2019 18:15,SU,1873,I,3,TAS,73H,158,156,18
438,D,17.08.2019 22:40,SU,1876,I,3,BHK,32A,158,157,217
439,D,17.08.2019 7:40,SU,1880,I,3,FRU,32A,158,127,24
440,A,17.08.2019 17:50,SU,1881,I,3,FRU,32A,158,153,24
441,D,17.08.2019 20:50,SU,1894,I,3,OSS,73H,158,127,172
442,A,17.08.2019 7:10,SU,1895,I,3,OSS,73H,158,127,55
443,D,17.08.2019 7:45,SU,1940,I,2,ALA,73H,158,150,60
444,A,17.08.2019 18:20,SU,1941,I,2,ALA,73H,158,157,60
445,D,17.08.2019 21:40,SU,1950,I,2,CIT,32A,158,158,3
446,D,17.08.2019 18:05,SU,2002,I,3,WAW,32A,158,115,45
447,A,17.08.2019 23:15,SU,2003,I,3,WAW,32A,158,129,48
448,D,17.08.2019 7:45,SU,2006,I,3,WAW,32A,158,144,67
449,A,17.08.2019 12:50,SU,2007,I,3,WAW,32A,158,153,65
450,D,17.08.2019 7:30,SU,2010,I,5,PRG,73H,158,137,43
451,A,17.08.2019 13:50,SU,2011,I,5,PRG,73H,158,138,57
452,D,17.08.2019 14:55,SU,2014,I,5,PRG,73H,158,145,96
453,A,17.08.2019 21:25,SU,2015,I,3,PRG,73H,158,137,73
454,D,17.08.2019 13:00,SU,2018,I,5,PRG,73H,158,146,201
455,A,17.08.2019 19:30,SU,2019,I,5,PRG,73H,158,146,223
456,D,17.08.2019 10:10,SU,2030,I,2,BUD,32A,158,147,87
457,A,17.08.2019 16:30,SU,2031,I,2,BUD,32A,158,149,58
458,D,17.08.2019 7:05,SU,2032,I,2,BUD,32A,158,148,48
459,A,17.08.2019 13:25,SU,2033,I,3,BUD,32A,158,154,213
460,D,17.08.2019 9:55,SU,2054,I,3,TIV,73H,158,147,76
461,A,17.08.2019 17:30,SU,2055,I,5,TIV,73H,158,127,157
462,D,17.08.2019 8:15,SU,2060,I,2,SOF,32A,158,151,23
463,A,17.08.2019 15:35,SU,2061,I,2,SOF,32A,158,127,74
464,D,17.08.2019 14:15,SU,2074,I,5,LCA,73H,158,153,8
465,A,17.08.2019 23:15,SU,2075,I,3,LCA,73H,158,154,1
466,D,17.08.2019 20:15,SU,2092,I,2,BEG,32A,158,133,148
467,D,17.08.2019 17:20,SU,2096,I,3,BEG,73H,158,131,192
468,A,17.08.2019 0:10,SU,2097,I,3,BEG,73H,158,137,59
469,D,17.08.2019 8:45,SU,2106,I,5,TLL,73H,158,134,44
470,A,17.08.2019 13:10,SU,2107,I,5,TLL,73H,158,141,45
471,A,17.08.2019 6:35,SU,2109,I,5,VNO,32A,158,58,111
472,D,17.08.2019 14:30,SU,2122,I,3,HER,73H,158,157,13
473,A,17.08.2019 23:55,SU,2123,I,3,HER,73H,158,152,105
474,D,17.08.2019 7:50,SU,2130,I,2,IST,73H,158,149,49
475,A,17.08.2019 16:00,SU,2131,I,2,IST,73H,158,151,17
476,A,17.08.2019 6:05,SU,2135,I,3,IST,73H,158,147,31
477,D,17.08.2019 10:00,SU,2136,I,3,IST,32A,158,114,216
478,A,17.08.2019 18:25,SU,2137,I,2,IST,32A,158,124,97
479,D,17.08.2019 17:40,SU,2138,I,2,IST,73H,158,134,89
480,A,17.08.2019 4:05,SU,2139,I,3,IST,73H,158,147,81
481,D,17.08.2019 11:20,SU,2152,I,3,DUS,32A,158,158,199
482,A,17.08.2019 18:50,SU,2153,I,3,DUS,32A,158,143,20
483,D,17.08.2019 14:25,SU,2154,I,3,DUS,32A,158,156,59
484,A,17.08.2019 21:50,SU,2155,I,3,DUS,32A,158,143,211
485,D,17.08.2019 15:55,SU,2156,I,3,BOJ,32A,158,115,29
486,A,17.08.2019 23:50,SU,2157,I,3,BOJ,32A,158,127,42
487,D,17.08.2019 8:15,SU,2168,I,5,BRU,73H,158,148,44
488,A,17.08.2019 16:10,SU,2169,I,5,BRU,73H,158,136,65
489,D,17.08.2019 10:20,SU,2174,I,5,OSL,32A,158,149,61
490,A,17.08.2019 16:40,SU,2175,I,5,OSL,32A,158,149,21
491,D,17.08.2019 10:25,SU,2210,I,3,ARN,73H,158,157,26
492,A,17.08.2019 15:50,SU,2211,I,3,ARN,73H,158,132,170
493,D,17.08.2019 9:20,SU,2312,I,3,SXF,32A,158,156,25
494,A,17.08.2019 15:45,SU,2313,I,3,SXF,32A,158,149,74
495,D,17.08.2019 15:25,SU,2314,I,3,SXF,32A,158,158,80
496,A,17.08.2019 21:45,SU,2315,I,3,SXF,32A,158,154,11
497,D,17.08.2019 19:35,SU,2316,I,3,SXF,32A,158,158,28
498,A,17.08.2019 4:00,SU,2317,I,3,SXF,32A,158,153,66
499,D,17.08.2019 11:20,SU,2318,I,3,SXF,32A,158,146,6
500,A,17.08.2019 18:00,SU,2319,I,3,SXF,32A,158,150,21
501,D,17.08.2019 6:50,SU,2320,I,3,MUC,32A,158,148,19
502,A,17.08.2019 14:15,SU,2321,I,3,MUC,32A,158,155,72
503,D,17.08.2019 14:30,SU,2326,I,3,MUC,32A,158,127,58
504,A,17.08.2019 21:40,SU,2327,I,3,MUC,32A,158,154,42
505,D,17.08.2019 10:55,SU,2336,I,3,STR,73H,158,141,152
506,A,17.08.2019 18:35,SU,2337,I,3,STR,73H,158,152,41
507,D,17.08.2019 19:00,SU,2338,I,3,STR,32A,158,152,197
508,A,17.08.2019 2:50,SU,2339,I,3,STR,32A,158,158,6
509,D,17.08.2019 10:45,SU,2342,I,3,HAJ,32A,158,152,11
510,A,17.08.2019 17:45,SU,2343,I,3,HAJ,32A,158,148,176
511,D,17.08.2019 16:45,SU,2352,I,3,VIE,32A,158,155,158
512,A,17.08.2019 23:25,SU,2353,I,5,VIE,32A,158,151,35
513,D,17.08.2019 20:00,SU,2354,I,5,VIE,73H,158,139,38
514,A,17.08.2019 4:10,SU,2355,I,5,VIE,73H,158,147,84
515,D,17.08.2019 12:00,SU,2356,I,3,VIE,73H,158,141,29
516,A,17.08.2019 18:40,SU,2357,I,5,VIE,73H,158,148,171
517,D,17.08.2019 20:00,SU,2376,I,5,LYS,32A,158,153,104
518,D,17.08.2019 10:20,SU,2418,I,3,FCO,73H,158,153,26
519,A,17.08.2019 19:10,SU,2419,I,3,FCO,73H,158,134,20
520,D,17.08.2019 19:45,SU,2422,I,5,VCE,73H,158,127,99
521,D,17.08.2019 20:05,SU,2428,I,3,BLQ,73H,158,143,13
522,A,17.08.2019 4:25,SU,2429,I,5,BLQ,73H,158,106,199
523,D,17.08.2019 19:30,SU,2436,I,3,DUS,32A,158,154,38
524,A,17.08.2019 10:30,SU,2437,I,3,DUS,32A,158,142,82
525,D,17.08.2019 8:00,SU,2480,I,3,NAP,73H,158,158,51
526,A,17.08.2019 17:00,SU,2481,I,3,NAP,73H,158,136,34
527,D,17.08.2019 19:50,SU,2496,I,5,CPH,73H,158,131,46
528,A,17.08.2019 3:35,SU,2497,I,5,CPH,73H,158,121,17
529,D,17.08.2019 9:00,SU,2502,I,2,VLC,73H,158,137,3
530,A,17.08.2019 19:35,SU,2503,I,2,VLC,73H,158,150,44
531,D,17.08.2019 12:05,SU,2518,I,3,PMI,32A,158,146,41
532,A,17.08.2019 22:35,SU,2519,I,3,PMI,32A,158,156,88
533,D,17.08.2019 18:00,SU,2528,I,5,AGP,73H,158,143,63
534,A,17.08.2019 5:50,SU,2529,I,5,AGP,73H,158,143,181
535,D,17.08.2019 18:25,SU,2534,I,5,OSL,73H,158,150,79
536,A,17.08.2019 0:35,SU,2535,I,3,OSL,73H,158,93,5
537,D,17.08.2019 7:35,SU,2536,I,3,DUS,32A,158,156,16
538,A,17.08.2019 14:55,SU,2537,I,3,DUS,32A,158,137,27
539,A,17.08.2019 4:30,SU,2585,I,3,LHR,73H,158,156,180
540,D,17.08.2019 19:35,SU,2590,I,5,DUB,32A,158,147,77
541,D,17.08.2019 19:30,SU,2606,I,2,LIS,73H,158,141,65
542,A,17.08.2019 16:10,SU,2607,I,3,LIS,73H,158,149,198
543,D,17.08.2019 11:00,SU,2612,I,3,MXP,73H,158,157,217
544,A,17.08.2019 19:25,SU,2613,I,3,MXP,73H,158,143,21
545,D,17.08.2019 19:50,SU,2618,I,5,BRU,73H,158,150,149
546,A,17.08.2019 3:55,SU,2619,I,5,BRU,32A,158,114,2
547,D,17.08.2019 10:00,SU,2620,I,3,AGP,73H,158,142,57
548,A,17.08.2019 21:55,SU,2621,I,3,AGP,73H,158,127,104
549,D,17.08.2019 14:50,SU,2628,I,5,BRU,73H,158,157,50
550,A,17.08.2019 22:50,SU,2629,I,5,BRU,73H,158,126,203
551,D,17.08.2019 15:30,SU,2656,I,3,FRA,73H,158,157,183
552,A,17.08.2019 23:10,SU,2657,I,3,FRA,73H,158,153,77
553,D,17.08.2019 10:20,SU,2658,I,5,CPH,73H,158,154,28
554,A,17.08.2019 16:30,SU,2659,I,5,CPH,73H,158,126,34
555,D,17.08.2019 7:15,SU,2684,I,3,SXF,73H,158,151,38
556,A,17.08.2019 13:30,SU,2685,I,3,SXF,73H,158,142,201
557,D,17.08.2019 14:35,SU,2694,I,5,AMS,32A,158,152,38
558,A,17.08.2019 22:40,SU,2695,I,5,AMS,32A,158,145,159
559,D,17.08.2019 14:40,VN,62,I,3,HAN,789,274,274,82
560,A,17.08.2019 6:45,VN,63,I,3,HAN,789,274,220,179
561,D,17.08.2019 9:20,SU,100,I,3,JFK,77W,402,398,25
562,A,17.08.2019 6:25,SU,101,I,3,JFK,77W,402,298,16
563,D,17.08.2019 14:15,SU,102,I,3,JFK,77W,402,385,53
564,A,17.08.2019 11:45,SU,103,I,3,JFK,77W,402,337,57
565,D,17.08.2019 12:00,SU,106,I,3,LAX,77W,402,391,27
566,A,17.08.2019 13:20,SU,107,I,3,LAX,77W,402,337,22
567,D,17.08.2019 12:30,SU,200,I,3,PEK,77W,402,400,30
568,A,17.08.2019 5:35,SU,201,I,2,PEK,77W,402,374,79
569,D,17.08.2019 21:20,SU,204,I,3,PEK,77W,402,394,205
570,A,17.08.2019 14:45,SU,205,I,3,PEK,77W,402,386,174
571,D,17.08.2019 9:30,SU,206,I,2,PVG,77W,402,378,63
572,A,17.08.2019 5:45,SU,207,I,3,PVG,77W,402,379,18
573,D,17.08.2019 20:05,SU,208,I,2,PVG,77W,402,379,32
574,A,17.08.2019 16:20,SU,209,I,2,PVG,77W,402,373,54
575,D,17.08.2019 19:20,SU,212,I,2,HKG,77W,402,377,12
576,A,17.08.2019 16:40,SU,213,I,2,HKG,77W,402,371,160
577,D,17.08.2019 20:45,SU,250,I,3,ICN,77W,402,394,3
578,A,17.08.2019 16:30,SU,251,I,3,ICN,77W,402,320,220
579,D,17.08.2019 19:00,SU,260,I,3,NRT,77W,402,370,8
580,A,17.08.2019 16:05,SU,263,I,3,NRT,77W,402,386,34
581,D,17.08.2019 19:25,SU,290,I,3,HAN,77W,402,350,184
582,A,17.08.2019 16:35,SU,291,I,3,HAN,77W,402,398,77
583,D,17.08.2019 8:50,SU,502,I,3,TLV,77W,402,393,16
584,A,17.08.2019 18:45,SU,503,I,3,TLV,77W,402,386,194
585,A,17.08.2019 4:40,SU,505,I,3,TLV,77W,402,386,12
586,D,17.08.2019 15:40,SU,1700,D,3,VVO,77W,402,399,42
587,A,17.08.2019 10:15,SU,1701,D,3,VVO,77W,402,322,74
588,D,17.08.2019 17:15,SU,1710,D,3,KHV,77W,402,396,167
589,A,17.08.2019 10:35,SU,1711,D,3,KHV,77W,402,400,49
590,D,17.08.2019 16:45,SU,1730,D,3,PKC,77W,402,394,158
591,A,17.08.2019 12:40,SU,1731,D,3,PKC,77W,402,379,51
592,D,17.08.2019 9:10,SU,2550,I,2,AMS,77W,402,320,84
593,A,17.08.2019 17:45,SU,2551,I,2,AMS,77W,402,256,154
594,D,17.08.2019 9:35,SU,104,I,3,IAD,333,302,292,195
595,D,17.08.2019 18:50,SU,232,I,2,DEL,333,302,280,78
596,A,17.08.2019 9:05,SU,233,I,3,DEL,333,302,282,38
597,A,17.08.2019 5:25,SU,235,I,3,DEL,333,302,285,13
598,D,17.08.2019 21:25,SU,1442,D,3,IKT,333,302,264,166
599,A,17.08.2019 11:00,SU,1443,D,3,IKT,333,302,285,42
600,D,17.08.2019 20:35,SU,1702,D,3,VVO,333,302,296,75
601,A,17.08.2019 15:50,SU,1703,D,3,VVO,333,302,299,76
602,D,17.08.2019 8:55,SU,2380,I,2,GVA,333,302,209,52
603,A,17.08.2019 17:25,SU,2381,I,2,GVA,333,302,161,21
604,D,17.08.2019 12:15,SU,2548,I,5,TFS,333,302,271,86
605,D,17.08.2019 11:00,SU,110,I,3,MIA,332,229,214,101
606,A,17.08.2019 12:15,SU,111,I,3,MIA,332,229,188,216
607,D,17.08.2019 7:10,SU,150,I,3,HAV,332,229,190,27
608,A,17.08.2019 9:00,SU,151,I,3,HAV,332,229,225,29
609,D,17.08.2019 15:05,SU,234,I,3,DEL,332,229,217,41
610,D,17.08.2019 18:35,SU,330,I,3,ULN,332,229,171,8
611,A,17.08.2019 8:40,SU,331,I,3,ULN,332,229,204,53
612,D,17.08.2019 19:40,SU,122,I,3,JFK,333,296,285,210
613,A,17.08.2019 17:20,SU,123,I,3,JFK,333,296,252,33
614,D,17.08.2019 15:35,SU,202,I,3,PEK,333,296,281,18
615,A,17.08.2019 8:55,SU,203,I,3,PEK,333,296,254,7
616,D,17.08.2019 19:05,SU,220,I,2,CAN,333,296,258,49
617,A,17.08.2019 16:25,SU,221,I,2,CAN,333,296,281,54
618,D,17.08.2019 8:00,SU,252,I,3,ICN,333,296,294,33
619,A,17.08.2019 5:15,SU,253,I,3,ICN,333,296,266,10
620,D,17.08.2019 19:10,SU,270,I,3,BKK,333,296,254,168
621,A,17.08.2019 16:00,SU,271,I,2,BKK,333,296,237,57
622,D,17.08.2019 18:50,SU,274,I,2,HKT,333,296,172,135
623,A,17.08.2019 16:45,SU,275,I,2,HKT,333,296,293,97
624,D,17.08.2019 21:55,SU,320,I,2,MLE,333,296,246,52
625,A,17.08.2019 17:15,SU,321,I,2,MLE,333,296,237,15
626,D,17.08.2019 18:40,SU,504,I,3,TLV,333,296,286,57
627,D,17.08.2019 1:00,SU,1482,D,3,KJA,333,296,278,9
628,A,17.08.2019 12:05,SU,1483,D,3,KJA,333,296,237,2
629,D,17.08.2019 20:45,SU,1870,I,3,TAS,333,296,288,268
630,A,17.08.2019 7:05,SU,1871,I,3,TAS,333,296,293,19
631,A,17.08.2019 4:20,SU,2549,I,2,TFS,333,296,290,46
632,D,17.08.2019 9:50,SU,2578,I,3,LHR,333,296,223,25
633,A,17.08.2019 19:10,SU,2579,I,3,LHR,333,296,292,43
634,D,17.08.2019 7:00,N4,123,D,3,SIP,73H,189,152,32
635,A,17.08.2019 13:10,N4,124,D,3,SIP,73H,189,152,73
636,D,17.08.2019 16:05,N4,133,D,3,SIP,73H,189,152,195
637,A,17.08.2019 22:30,N4,134,D,3,SIP,73H,189,152,262
638,D,17.08.2019 19:50,N4,161,D,3,KRR,73H,189,133,35
639,A,17.08.2019 9:40,N4,162,D,3,KRR,73H,189,181,27
640,D,17.08.2019 23:55,N4,171,I,2,KSQ,73H,189,184,42
641,A,17.08.2019 5:35,EO,174,D,3,SVX,73H,189,149,4
642,D,17.08.2019 23:35,EO,179,D,3,CEK,73H,189,158,97
643,A,17.08.2019 5:45,EO,180,D,3,CEK,73H,189,174,76
644,D,17.08.2019 8:40,N4,183,D,3,MRV,73H,189,152,68
645,A,17.08.2019 14:25,N4,184,D,3,MRV,73H,189,152,2
646,D,17.08.2019 23:45,N4,185,D,3,KZN,73H,189,152,108
647,D,17.08.2019 10:40,N4,203,I,2,FEG,73H,189,185,32
648,A,17.08.2019 21:10,N4,204,I,2,FEG,73H,189,168,22
649,D,17.08.2019 23:40,N4,211,D,3,YKS,73H,189,105,277
650,D,17.08.2019 17:40,N4,225,D,3,AER,73H,189,130,200
651,A,17.08.2019 23:20,N4,226,D,3,AER,73H,189,152,11
652,D,17.08.2019 7:25,EO,229,D,3,AER,73H,189,120,26
653,A,17.08.2019 21:45,EO,230,D,3,AER,73H,189,152,201
654,D,17.08.2019 11:40,N4,245,D,3,AER,73H,189,185,93
655,A,17.08.2019 17:35,N4,246,D,3,AER,73H,189,169,159
656,D,17.08.2019 10:30,N4,277,I,2,EVN,73H,189,168,47
657,A,17.08.2019 17:50,N4,278,I,2,EVN,73H,189,186,45
658,D,17.08.2019 0:45,N4,279,D,3,UFA,73H,189,152,14
659,A,17.08.2019 6:05,N4,280,D,3,UFA,73H,189,152,156
660,A,17.08.2019 10:10,N4,294,D,3,KJA,73H,189,167,83
661,D,17.08.2019 14:35,N4,377,I,2,EVN,73H,189,169,61
662,A,17.08.2019 21:30,N4,378,I,2,EVN,73H,189,152,275
663,D,17.08.2019 0:45,N4,477,I,2,EVN,73H,189,158,81
664,A,17.08.2019 7:50,N4,478,I,2,EVN,73H,189,180,68
665,D,17.08.2019 10:45,N4,523,D,3,SIP,73H,189,152,55
666,A,17.08.2019 16:55,N4,524,D,3,SIP,73H,189,152,83
667,D,17.08.2019 1:25,N4,541,D,3,OMS,73H,189,152,8
668,A,17.08.2019 9:35,N4,542,D,3,OMS,73H,189,152,3
669,D,17.08.2019 6:55,EO,615,D,3,AER,73H,189,170,17
670,A,17.08.2019 20:00,EO,616,D,3,AER,73H,189,183,61
671,D,17.08.2019 23:25,N4,633,D,3,SIP,73H,189,145,198
672,A,17.08.2019 5:40,N4,634,D,3,SIP,73H,189,152,18
673,D,17.08.2019 10:10,N4,701,I,2,JED,73H,189,38,71
674,A,17.08.2019 5:30,N4,730,D,3,REN,73H,189,166,79
675,A,17.08.2019 16:15,OK,894,I,2,PRG,73H,189,172,70
676,D,17.08.2019 17:05,OK,895,I,2,PRG,73H,189,171,64
677,A,17.08.2019 3:05,OK,898,I,2,PRG,73H,189,183,8
678,D,17.08.2019 7:10,OK,899,I,2,PRG,73H,189,170,55
679,D,17.08.2019 8:20,FV,6137,D,3,KRR,73H,189,95,44
680,A,17.08.2019 13:55,FV,6138,D,3,KRR,73H,189,188,1
681,D,17.08.2019 9:25,FV,6139,I,3,NCE,73H,189,155,6
682,A,17.08.2019 18:20,FV,6140,I,3,NCE,73H,189,132,65
683,D,17.08.2019 22:10,FV,6141,D,3,SIP,73H,189,40,217
684,A,17.08.2019 14:30,FV,6142,D,3,SIP,73H,189,189,7
685,D,17.08.2019 17:00,FV,6157,D,3,SIP,73H,189,189,180
686,A,17.08.2019 9:45,FV,6158,D,3,SIP,73H,189,188,14
687,D,17.08.2019 8:40,FV,6161,D,3,KGD,73H,189,130,37
688,A,17.08.2019 13:35,FV,6162,D,3,KGD,73H,189,167,53
689,D,17.08.2019 23:25,FV,6163,D,3,KGD,73H,189,157,169
690,A,17.08.2019 8:10,FV,6164,D,3,KGD,73H,189,185,21
691,D,17.08.2019 0:40,FV,6167,D,3,REN,73H,189,125,4
692,A,17.08.2019 6:05,FV,6168,D,3,REN,73H,189,133,10
693,D,17.08.2019 19:25,FV,6171,D,3,REN,73H,189,99,48
694,A,17.08.2019 7:15,FV,6172,D,3,REN,73H,189,142,44
695,D,17.08.2019 17:20,FV,6183,D,3,ROV,73H,189,122,166
696,A,17.08.2019 22:20,FV,6184,D,3,ROV,73H,189,184,159
697,D,17.08.2019 16:05,FV,6185,D,3,AER,73H,189,153,210
698,A,17.08.2019 22:20,FV,6186,D,3,AER,73H,189,152,77
699,D,17.08.2019 9:25,FV,6187,D,3,MRV,73H,189,186,25
700,A,17.08.2019 15:20,FV,6188,D,3,MRV,73H,189,185,234
701,D,17.08.2019 15:30,FV,6191,D,3,ROV,73H,189,107,94
702,A,17.08.2019 20:35,FV,6192,D,3,ROV,73H,189,150,200
703,D,17.08.2019 22:55,FV,6193,D,3,ROV,73H,189,120,82
704,A,17.08.2019 4:50,FV,6194,D,3,ROV,73H,189,149,42
705,D,17.08.2019 10:50,FV,6637,I,3,ORY,73H,189,177,78
706,A,17.08.2019 20:05,FV,6638,I,3,ORY,73H,189,133,24
707,D,17.08.2019 13:25,RL,7515,I,2,CFU,738,189,152,101
708,D,17.08.2019 0:50,RL,7537,I,2,LCA,738,189,152,54
709,A,17.08.2019 9:20,RL,7538,I,2,LCA,738,189,152,210
710,D,17.08.2019 14:45,RL,7545,I,2,GZP,738,189,177,13
711,D,17.08.2019 0:50,RL,7745,I,2,PMI,738,189,188,47
712,A,17.08.2019 11:05,RL,7746,I,2,PMI,738,189,182,64
713,D,17.08.2019 18:20,EO,147,D,3,LED,73J,209,206,67
714,A,17.08.2019 22:05,EO,148,D,3,LED,73J,209,175,26
715,D,17.08.2019 23:30,EO,173,D,3,SVX,73J,209,170,274
716,D,17.08.2019 7:15,EO,177,D,3,LED,73J,209,184,13
717,A,17.08.2019 10:50,EO,178,D,3,LED,73J,209,189,14
718,D,17.08.2019 11:50,EO,187,D,3,ROV,73J,209,165,219
719,A,17.08.2019 16:10,EO,188,D,3,ROV,73J,209,195,83
720,A,17.08.2019 8:00,D2,151,D,1,CEE,SU9,100,31,164
721,D,17.08.2019 9:05,D2,152,D,1,CEE,SU9,100,27,154
722,A,17.08.2019 20:55,D2,153,D,1,CEE,SU9,100,29,89
723,D,17.08.2019 21:55,D2,154,D,1,CEE,SU9,100,24,205
724,A,17.08.2019 9:15,AY,711,I,3,HEL,E90,100,72,27
725,D,17.08.2019 10:00,AY,712,I,3,HEL,E90,100,98,76
726,A,17.08.2019 19:20,AY,713,I,3,HEL,E90,100,99,196
727,D,17.08.2019 20:30,AY,714,I,3,HEL,E90,100,91,31
728,A,17.08.2019 12:50,AY,715,I,3,HEL,E90,100,67,77
729,D,17.08.2019 13:35,AY,716,I,3,HEL,E90,100,80,176
730,A,17.08.2019 1:35,AY,719,I,3,HEL,E90,100,100,84
731,D,17.08.2019 5:00,AY,720,I,3,HEL,E90,100,100,19
732,D,17.08.2019 13:30,EO,167,D,3,LED,E90,110,105,11
733,A,17.08.2019 16:55,EO,168,D,3,LED,E90,110,87,81
734,A,17.08.2019 6:10,EO,186,D,3,KZN,E90,110,83,29
735,D,17.08.2019 23:55,EO,189,D,3,NBC,E90,110,94,279
736,A,17.08.2019 6:00,EO,190,D,3,NBC,E90,110,70,18
737,A,17.08.2019 6:00,EO,198,D,3,LED,E90,110,86,169
738,D,17.08.2019 23:30,EO,201,D,3,PEE,E90,110,96,195
739,A,17.08.2019 5:15,EO,202,D,3,PEE,E90,110,108,8
740,D,17.08.2019 7:10,EO,227,D,3,VOG,E90,110,86,9
741,A,17.08.2019 11:35,EO,228,D,3,VOG,E90,110,88,20
742,D,17.08.2019 7:05,EO,337,D,3,CSY,E90,110,97,75
743,A,17.08.2019 10:30,EO,338,D,3,CSY,E90,110,89,167
744,D,17.08.2019 7:00,EO,339,D,3,MQF,E90,110,97,68
745,A,17.08.2019 20:15,EO,340,D,3,MQF,E90,110,97,70
746,D,17.08.2019 17:00,EO,389,D,3,NBC,E90,110,94,3
747,A,17.08.2019 21:35,EO,390,D,3,NBC,E90,110,103,156
748,D,17.08.2019 7:15,EO,529,D,3,REN,E90,110,81,188
749,A,17.08.2019 12:25,EO,530,D,3,REN,E90,110,100,2
750,D,17.08.2019 0:30,EO,563,D,3,OSW,E90,110,64,12
751,A,17.08.2019 6:15,EO,564,D,3,OSW,E90,110,72,171
752,D,17.08.2019 7:05,EO,645,D,3,RTW,E90,110,92,20
753,A,17.08.2019 21:45,EO,646,D,3,RTW,E90,110,68,283
754,D,17.08.2019 23:55,EO,729,D,3,REN,E90,110,94,93
755,D,17.08.2019 18:10,BA,234,I,5,LHR,321,154,148,75
756,A,17.08.2019 16:50,BA,235,I,5,LHR,321,154,136,189
757,A,17.08.2019 16:20,SU,260,I,3,CDG,32B,183,170,17
758,D,17.08.2019 20:45,SU,400,I,2,CAI,32B,183,121,186
759,A,17.08.2019 7:25,SU,401,I,3,CAI,32B,183,177,44
760,D,17.08.2019 1:35,SU,500,I,3,TLV,32B,183,181,7
761,A,17.08.2019 12:00,SU,501,I,3,TLV,32B,183,176,44
762,D,17.08.2019 13:20,SU,508,I,3,TLV,32B,183,177,208
763,A,17.08.2019 23:05,SU,509,I,3,TLV,32B,183,171,72
764,D,17.08.2019 7:45,SU,1138,D,1,AER,32B,183,171,153
765,A,17.08.2019 13:40,SU,1139,D,1,AER,32B,183,147,97
766,D,17.08.2019 9:15,SU,1190,D,1,KZN,32B,183,167,194
767,A,17.08.2019 13:15,SU,1191,D,1,KZN,32B,183,77,168
768,D,17.08.2019 19:20,SU,1194,D,1,KZN,32B,183,122,95
769,A,17.08.2019 23:40,SU,1195,D,1,KZN,32B,183,47,88
770,D,17.08.2019 22:15,SU,1198,D,1,KZN,32B,183,174,174
771,D,17.08.2019 15:10,SU,1324,D,1,MMK,32B,183,181,113
772,A,17.08.2019 21:05,SU,1325,D,1,MMK,32B,183,167,134
773,D,17.08.2019 21:25,SU,1450,D,3,KEJ,32B,183,174,175
774,A,17.08.2019 7:15,SU,1451,D,3,KEJ,32B,183,182,55
775,D,17.08.2019 0:55,SU,1536,D,3,TOF,32B,183,171,220
776,A,17.08.2019 10:25,SU,1537,D,3,TOF,32B,183,180,174
777,D,17.08.2019 16:15,SU,1862,I,3,EVN,32B,183,182,18
778,A,17.08.2019 23:20,SU,1863,I,3,EVN,32B,183,182,35
779,D,17.08.2019 23:40,SU,1866,I,3,EVN,32B,183,138,21
780,A,17.08.2019 7:05,SU,1867,I,3,EVN,32B,183,147,81
781,D,17.08.2019 21:45,SU,1882,I,3,FRU,32B,183,183,163
782,A,17.08.2019 7:40,SU,1883,I,3,FRU,32B,183,169,71
783,A,17.08.2019 0:15,SU,1897,I,3,EVN,32B,183,147,23
784,A,17.08.2019 6:55,SU,1937,I,2,KGF,32B,183,171,38
785,D,17.08.2019 0:55,SU,1942,I,2,ALA,32B,183,173,82
786,A,17.08.2019 11:10,SU,1943,I,2,ALA,32B,183,182,47
787,D,17.08.2019 21:00,SU,1946,I,3,ALA,32B,183,176,23
788,A,17.08.2019 7:35,SU,1947,I,2,ALA,32B,183,183,38
789,D,17.08.2019 23:50,SU,1956,I,2,TSE,32B,183,179,42
790,A,17.08.2019 8:05,SU,1957,I,2,TSE,32B,183,156,63
791,D,17.08.2019 10:10,SU,2012,I,5,PRG,32B,183,156,40
792,A,17.08.2019 16:35,SU,2013,I,2,PRG,32B,183,145,175
793,D,17.08.2019 19:15,SU,2016,I,5,PRG,32B,183,139,12
794,A,17.08.2019 4:30,SU,2017,I,5,PRG,32B,183,159,38
795,D,17.08.2019 17:00,SU,2024,I,5,PRG,32B,183,156,24
796,A,17.08.2019 23:25,SU,2025,I,3,PRG,32B,183,148,72
797,A,17.08.2019 0:25,SU,2047,I,3,SPU,32B,183,159,33
798,D,17.08.2019 16:45,SU,2048,I,3,SPU,32B,183,180,186
799,A,17.08.2019 23:55,SU,2049,I,3,SPU,32B,183,147,186
800,D,17.08.2019 6:55,SU,2052,I,3,TIV,32B,183,178,15
801,A,17.08.2019 14:45,SU,2053,I,3,TIV,32B,183,147,75
802,D,17.08.2019 8:05,SU,2110,I,2,ATH,32B,183,166,58
803,A,17.08.2019 17:15,SU,2111,I,2,ATH,32B,183,174,81
804,D,17.08.2019 19:25,SU,2112,I,2,ATH,32B,183,130,185
805,A,17.08.2019 4:20,SU,2113,I,2,ATH,32B,183,161,192
806,A,17.08.2019 0:25,SU,2125,I,3,SKG,32B,183,165,58
807,D,17.08.2019 10:50,SU,2126,I,5,HER,32B,183,147,47
808,A,17.08.2019 20:35,SU,2127,I,5,HER,32B,183,176,67
809,D,17.08.2019 9:35,SU,2142,I,2,AYT,32B,183,168,13
810,A,17.08.2019 18:10,SU,2143,I,3,AYT,32B,183,170,71
811,D,17.08.2019 9:05,SU,2184,I,5,VIE,32B,183,173,29
812,A,17.08.2019 15:40,SU,2185,I,5,VIE,32B,183,178,34
813,D,17.08.2019 19:45,SU,2192,I,5,AMS,32B,183,172,75
814,A,17.08.2019 4:25,SU,2193,I,3,AMS,32B,183,132,42
815,D,17.08.2019 7:55,SU,2306,I,3,FRA,32B,183,178,74
816,A,17.08.2019 15:35,SU,2307,I,3,FRA,32B,183,179,44
817,D,17.08.2019 17:55,SU,2382,I,2,GVA,32B,183,145,24
818,A,17.08.2019 2:10,SU,2383,I,3,GVA,32B,183,146,30
819,D,17.08.2019 9:50,SU,2390,I,2,ZRH,32B,183,182,2
820,A,17.08.2019 18:00,SU,2391,I,2,ZRH,32B,183,178,60
821,D,17.08.2019 19:55,SU,2414,I,3,MXP,32B,183,172,220
822,A,17.08.2019 5:00,SU,2415,I,3,MXP,32B,183,166,10
823,D,17.08.2019 7:35,SU,2452,I,3,CDG,32B,183,176,12
824,D,17.08.2019 10:05,SU,2454,I,3,CDG,32B,183,160,17
825,A,17.08.2019 18:55,SU,2455,I,3,CDG,32B,183,135,60
826,D,17.08.2019 11:45,SU,2462,I,3,CDG,32B,183,175,22
827,A,17.08.2019 20:35,SU,2463,I,3,CDG,32B,183,138,49
828,D,17.08.2019 6:40,SU,2500,I,3,MAD,32B,183,177,28
829,A,17.08.2019 17:50,SU,2501,I,3,MAD,32B,183,175,34
830,D,17.08.2019 19:20,SU,2512,I,3,BCN,32B,183,176,12
831,A,17.08.2019 5:35,SU,2513,I,3,BCN,32B,183,170,83
832,D,17.08.2019 12:10,SU,2514,I,3,BCN,32B,183,180,192
833,A,17.08.2019 22:15,SU,2515,I,3,BCN,32B,183,176,94
834,D,17.08.2019 11:00,SU,2522,I,3,ALC,32B,183,183,76
835,A,17.08.2019 22:05,SU,2523,I,3,ALC,32B,183,173,51
836,D,17.08.2019 13:40,SU,2582,I,3,LHR,32B,183,181,169
837,A,17.08.2019 23:10,SU,2583,I,3,LHR,32B,183,175,1
838,D,17.08.2019 8:35,SU,2602,I,3,MAD,32B,183,143,6
839,A,17.08.2019 20:00,SU,2603,I,3,MAD,32B,183,140,171
840,D,17.08.2019 18:15,SU,2604,I,3,MAD,32B,183,168,183
841,A,17.08.2019 5:25,SU,2605,I,3,MAD,32B,183,170,24
842,D,17.08.2019 7:20,SU,2638,I,3,BCN,32B,183,180,22
843,A,17.08.2019 17:35,SU,2639,I,3,BCN,32B,183,181,165
844,D,17.08.2019 9:35,SU,2648,I,3,BCN,32B,183,182,37
845,A,17.08.2019 19:50,SU,2649,I,3,BCN,32B,183,180,210
846,D,17.08.2019 19:10,SU,263,I,3,LHR,321,170,162,181
847,A,17.08.2019 7:15,SU,1853,I,5,GYD,321,170,157,43
848,D,17.08.2019 9:55,SU,2072,I,5,LCA,321,170,154,2
849,A,17.08.2019 18:45,SU,2073,I,5,LCA,321,170,169,200
850,D,17.08.2019 8:30,SU,2104,I,5,VNO,321,170,137,6
851,A,17.08.2019 12:40,SU,2105,I,5,VNO,321,170,147,7
852,D,17.08.2019 16:15,SU,2124,I,3,SKG,321,170,136,158
853,D,17.08.2019 20:15,SU,2144,I,2,AYT,321,170,114,63
854,A,17.08.2019 5:25,SU,2145,I,2,AYT,321,170,131,186
855,D,17.08.2019 8:30,SU,2202,I,3,HEL,321,170,158,211
856,A,17.08.2019 13:05,SU,2203,I,3,HEL,321,170,113,43
857,D,17.08.2019 13:55,SU,2360,I,5,NCE,321,170,136,184
858,A,17.08.2019 22:40,SU,2361,I,5,NCE,321,170,160,37
859,A,17.08.2019 4:15,SU,2453,I,3,CDG,321,170,134,72
860,D,17.08.2019 19:35,SU,2460,I,3,CDG,321,170,166,202
861,D,17.08.2019 10:05,SU,2470,I,5,NCE,321,170,157,70
862,A,17.08.2019 18:55,SU,2471,I,5,NCE,321,170,162,12
863,D,17.08.2019 7:05,SU,2580,I,3,LHR,321,170,146,18
864,A,17.08.2019 16:35,SU,2581,I,3,LHR,321,170,161,33
865,A,17.08.2019 13:05,KC,275,I,5,ALA,32N,162,130,69
866,D,17.08.2019 14:00,KC,276,I,5,ALA,32Q,162,146,35
867,A,17.08.2019 8:50,KC,893,I,5,TSE,32N,162,111,22
868,D,17.08.2019 9:50,KC,894,I,5,TSE,32N,162,103,64
869,D,17.08.2019 21:55,EO,301,D,3,BQS,763,290,137,217
870,A,17.08.2019 12:45,EO,440,I,2,TYN,763,290,285,211
871,D,17.08.2019 17:55,EO,443,I,2,SJW,763,290,289,3
872,D,17.08.2019 12:10,EO,453,I,2,CAN,763,290,232,65
873,A,17.08.2019 12:55,EO,496,I,2,LHW,763,290,249,59
874,A,17.08.2019 15:50,N4,302,D,3,BQS,772,440,185,83
875,D,17.08.2019 1:25,N4,1611,I,2,HER,772,440,437,23
876,A,17.08.2019 10:45,N4,1612,I,2,HER,772,440,439,82
877,D,17.08.2019 2:10,N4,1835,I,2,DLM,772,440,352,49
878,A,17.08.2019 11:20,N4,1836,I,2,DLM,772,440,413,84
879,D,17.08.2019 15:15,N4,2735,I,2,CXR,772,440,434,44
880,D,17.08.2019 14:10,N4,7649,I,2,DJE,772,440,437,66
881,D,17.08.2019 7:40,N4,355,I,2,CUN,77W,486,389,56
882,D,17.08.2019 13:50,N4,1723,I,2,MIR,77W,486,479,172
883,A,17.08.2019 23:40,N4,1724,I,2,MIR,77W,486,389,47
884,D,17.08.2019 2:30,N4,1801,I,2,AYT,77W,486,389,83
885,A,17.08.2019 10:55,N4,1802,I,2,AYT,77W,486,389,3
886,D,17.08.2019 13:15,N4,1803,I,2,AYT,77W,486,389,61
887,A,17.08.2019 22:30,N4,1804,I,2,AYT,77W,486,389,102
888,A,17.08.2019 19:55,BT,422,I,5,RIX,CS3,145,135,102
889,D,17.08.2019 20:40,BT,423,I,5,RIX,CS3,145,116,162
890,A,17.08.2019 9:00,BT,424,I,5,RIX,CS3,145,130,210
891,D,17.08.2019 9:45,BT,425,I,5,RIX,CS3,145,136,37
892,A,17.08.2019 1:00,BT,426,I,5,RIX,CS3,145,139,39
893,D,17.08.2019 4:50,BT,427,I,5,RIX,CS3,145,116,77
894,A,17.08.2019 14:40,BT,428,I,5,RIX,CS3,145,139,39
895,D,17.08.2019 15:25,BT,429,I,5,RIX,CS3,145,130,33
896,A,17.08.2019 5:30,JD,475,I,2,HGH,332,264,242,50
897,D,17.08.2019 8:55,JD,476,I,2,HGH,332,264,225,70
898,A,17.08.2019 22:35,RL,506,I,2,TPE,763,330,326,26
899,D,17.08.2019 3:50,RL,7743,I,2,BCN,763,330,330,32
900,D,17.08.2019 22:55,SU,530,I,2,BEY,320,140,104,215
901,D,17.08.2019 7:20,SU,570,I,3,TLV,320,140,132,72
902,D,17.08.2019 6:10,SU,1246,D,1,REN,320,140,67,10
903,A,17.08.2019 11:45,SU,1247,D,1,REN,320,140,121,205
904,D,17.08.2019 6:30,SU,1270,D,1,KZN,320,140,122,117
905,A,17.08.2019 10:45,SU,1271,D,1,KZN,320,140,78,116
906,D,17.08.2019 13:55,SU,1312,D,1,MRV,320,140,136,210
907,A,17.08.2019 19:45,SU,1313,D,1,MRV,320,140,133,170
908,D,17.08.2019 6:25,SU,1438,D,1,UFA,320,140,136,116
909,A,17.08.2019 12:50,SU,1439,D,1,UFA,320,140,134,180
910,D,17.08.2019 3:05,SU,1448,D,3,MQF,320,140,102,44
911,A,17.08.2019 9:05,SU,1449,D,3,MQF,320,140,122,71
912,D,17.08.2019 23:50,SU,1484,D,3,KJA,320,140,112,215
913,A,17.08.2019 10:20,SU,1485,D,3,KJA,320,140,138,72
914,D,17.08.2019 0:05,SU,1574,D,3,AAQ,320,140,69,197
915,A,17.08.2019 5:40,SU,1575,D,3,AAQ,320,140,136,219
916,D,17.08.2019 2:55,SU,1674,D,3,ROV,320,140,86,80
917,A,17.08.2019 8:45,SU,1675,D,3,ROV,320,140,108,61
918,A,17.08.2019 5:55,SU,1845,I,3,KIV,320,140,112,67
919,D,17.08.2019 23:50,SU,1852,I,5,GYD,320,140,138,162
920,D,17.08.2019 22:25,SU,1936,I,3,KGF,320,140,112,213
921,D,17.08.2019 0:10,SU,1948,I,2,AKX,320,140,79,45
922,A,17.08.2019 6:35,SU,1949,I,2,AKX,320,140,124,48
923,A,17.08.2019 8:15,SU,1961,I,2,KZO,320,140,135,49
924,D,17.08.2019 10:05,SU,2040,I,5,ZAG,320,140,114,184
925,A,17.08.2019 17:05,SU,2041,I,5,ZAG,320,140,121,26
926,D,17.08.2019 20:00,SU,2070,I,5,LCA,320,140,123,53
927,A,17.08.2019 5:40,SU,2071,I,5,LCA,320,140,124,44
928,D,17.08.2019 10:15,SU,2090,I,2,BEG,320,140,112,97
929,A,17.08.2019 17:10,SU,2091,I,2,BEG,320,140,127,51
930,A,17.08.2019 4:35,SU,2093,I,2,BEG,320,140,114,56
931,D,17.08.2019 21:15,SU,2108,I,5,VNO,320,140,114,280
932,D,17.08.2019 12:55,SU,2116,I,2,ATH,320,140,124,48
933,A,17.08.2019 22:05,SU,2117,I,2,ATH,320,140,125,231
934,D,17.08.2019 21:15,SU,2134,I,5,IST,320,140,128,199
935,D,17.08.2019 16:35,SU,2146,I,3,AYT,320,140,128,65
936,A,17.08.2019 0:55,SU,2147,I,3,AYT,320,140,122,3
937,D,17.08.2019 18:20,SU,2200,I,3,HEL,320,140,117,209
938,A,17.08.2019 22:45,SU,2201,I,3,HEL,320,140,105,84
939,D,17.08.2019 10:15,SU,2300,I,3,FRA,320,140,137,84
940,A,17.08.2019 18:30,SU,2301,I,3,FRA,320,140,126,62
941,D,17.08.2019 18:50,SU,2304,I,3,FRA,320,140,130,98
942,A,17.08.2019 2:35,SU,2305,I,3,FRA,320,140,112,1
943,D,17.08.2019 9:25,SU,2322,I,3,MUC,320,140,135,78
944,A,17.08.2019 16:40,SU,2323,I,3,MUC,320,140,133,206
945,D,17.08.2019 10:35,SU,2346,I,3,HAM,320,140,135,25
946,A,17.08.2019 17:15,SU,2347,I,3,HAM,320,140,130,9
947,D,17.08.2019 16:05,SU,2348,I,3,HAM,320,140,124,155
948,A,17.08.2019 22:45,SU,2349,I,3,HAM,320,140,126,3
949,D,17.08.2019 8:45,SU,2374,I,3,LYS,320,140,112,31
950,A,17.08.2019 17:40,SU,2375,I,3,LYS,320,140,107,21
951,A,17.08.2019 4:45,SU,2377,I,3,LYS,320,140,60,83
952,D,17.08.2019 8:35,SU,2378,I,3,MRS,320,140,120,23
953,A,17.08.2019 17:40,SU,2379,I,3,MRS,320,140,103,122
954,D,17.08.2019 18:10,SU,2386,I,3,ARN,320,140,138,176
955,A,17.08.2019 23:30,SU,2387,I,3,ARN,320,140,70,28
956,D,17.08.2019 18:25,SU,2392,I,2,ZRH,320,140,128,75
957,A,17.08.2019 2:50,SU,2393,I,3,ZRH,320,140,127,10
958,D,17.08.2019 8:35,SU,2402,I,3,FCO,320,140,130,170
959,A,17.08.2019 17:30,SU,2403,I,3,FCO,320,140,125,24
960,D,17.08.2019 18:40,SU,2404,I,3,FCO,320,140,118,198
961,A,17.08.2019 4:40,SU,2405,I,3,FCO,320,140,119,2
962,D,17.08.2019 11:25,SU,2406,I,3,FCO,320,140,123,16
963,A,17.08.2019 20:15,SU,2407,I,3,FCO,320,140,129,159
964,D,17.08.2019 14:30,SU,2408,I,3,FCO,320,140,130,154
965,A,17.08.2019 23:05,SU,2409,I,3,FCO,320,140,123,88
966,D,17.08.2019 8:25,SU,2410,I,3,MXP,320,140,140,29
967,A,17.08.2019 16:45,SU,2411,I,3,MXP,320,140,128,34
968,D,17.08.2019 6:50,SU,2416,I,3,MXP,320,140,112,196
969,A,17.08.2019 15:05,SU,2417,I,3,MXP,320,140,113,83
970,A,17.08.2019 4:00,SU,2423,I,3,VCE,320,140,124,25
971,D,17.08.2019 7:50,SU,2424,I,5,BLQ,320,140,126,30
972,A,17.08.2019 15:45,SU,2425,I,5,BLQ,320,140,134,39
973,D,17.08.2019 14:05,SU,2458,I,3,CDG,320,140,137,73
974,A,17.08.2019 22:50,SU,2459,I,3,CDG,320,140,101,35
975,D,17.08.2019 17:55,SU,2468,I,2,BUD,320,140,127,67
976,A,17.08.2019 0:10,SU,2469,I,3,BUD,320,140,125,74
977,A,17.08.2019 4:15,SU,2475,I,5,NCE,320,140,125,2
978,D,17.08.2019 7:35,SU,2482,I,3,VRN,320,140,122,26
979,A,17.08.2019 15:30,SU,2483,I,3,VRN,320,140,126,27
980,D,17.08.2019 5:40,SU,2570,I,3,LHR,320,140,117,21
981,A,17.08.2019 14:40,SU,2571,I,3,LHR,320,140,133,181
982,D,17.08.2019 8:50,SU,2576,I,3,LHR,320,140,121,80
983,A,17.08.2019 17:40,SU,2577,I,3,LHR,320,140,136,71
984,D,17.08.2019 15:55,SU,2586,I,3,MXP,320,140,124,161
985,A,17.08.2019 4:55,SU,2591,I,3,DUB,320,140,125,32
986,D,17.08.2019 19:45,SU,2594,I,3,MUC,320,140,112,26
987,A,17.08.2019 3:15,SU,2595,I,3,MUC,320,140,134,8
988,D,17.08.2019 9:15,SU,2596,I,5,VCE,320,140,112,44
989,A,17.08.2019 17:05,SU,2597,I,5,VCE,320,140,112,22
990,D,17.08.2019 9:40,SU,2610,I,3,LJU,320,140,127,66
991,A,17.08.2019 17:00,SU,2611,I,3,LJU,320,140,129,37
992,D,17.08.2019 18:15,SU,2680,I,5,RIX,320,140,116,31
993,A,17.08.2019 22:25,SU,2681,I,3,RIX,320,140,126,45
994,D,17.08.2019 9:15,SU,2682,I,3,RIX,320,140,137,75
995,A,17.08.2019 13:20,SU,2683,I,3,RIX,320,140,136,20
996,A,17.08.2019 3:05,AZ,542,I,5,CTA,321,200,147,75
997,D,17.08.2019 4:05,AZ,543,I,5,CTA,321,200,141,40
998,A,17.08.2019 15:50,AZ,546,I,5,MXP,320,180,138,86
999,D,17.08.2019 16:55,AZ,547,I,5,MXP,320,180,156,200
1000,A,17.08.2019 15:15,AZ,548,I,5,FCO,320,180,146,168
1001,D,17.08.2019 16:40,AZ,549,I,5,FCO,320,180,161,35
1002,A,17.08.2019 3:20,KM,560,I,5,MLA,320,180,139,158
1003,D,17.08.2019 4:20,KM,561,I,5,MLA,320,180,139,26
1004,D,17.08.2019 5:00,AZ,595,I,5,FCO,320,180,165,81
1005,A,17.08.2019 3:45,AZ,596,I,5,FCO,320,180,129,80
1006,A,17.08.2019 7:50,FB,643,I,2,BOJ,320,180,178,148
1007,D,17.08.2019 8:45,FB,644,I,2,BOJ,320,180,173,73
1008,A,17.08.2019 15:05,FB,659,I,2,BOJ,320,180,144,70
1009,D,17.08.2019 16:00,FB,660,I,2,BOJ,320,180,171,184
1010,A,17.08.2019 17:25,MU,591,I,2,PVG,333,298,262,103
1011,D,17.08.2019 19:05,MU,592,I,2,PVG,333,298,272,164
1012,A,17.08.2019 17:00,MU,5009,I,2,PVG,333,298,200,164
1013,D,17.08.2019 19:10,MU,5010,I,2,PVG,333,298,270,199
1014,A,17.08.2019 18:25,3U,609,I,2,CTU,333,301,271,65
1015,D,17.08.2019 20:20,3U,610,I,2,CTU,333,301,271,99
1016,A,17.08.2019 16:55,CA,909,I,2,PEK,333,301,280,18
1017,D,17.08.2019 18:45,CA,910,I,2,PEK,333,301,290,160
1018,A,17.08.2019 15:00,FB,651,I,2,BOJ,733,148,119,195
1019,D,17.08.2019 15:50,FB,652,I,2,BOJ,733,148,99,43
1020,A,17.08.2019 21:00,KC,875,I,5,ALA,32A,148,107,45
1021,D,17.08.2019 22:05,KC,876,I,5,ALA,32A,148,132,41
1022,A,17.08.2019 20:45,JU,654,I,5,BEG,319,138,134,155
1023,D,17.08.2019 21:35,JU,655,I,5,BEG,319,138,126,209
1024,A,17.08.2019 3:25,JU,656,I,5,BEG,319,138,115,29
1025,D,17.08.2019 4:10,JU,657,I,5,BEG,319,138,117,34
1026,A,17.08.2019 19:15,CZ,655,I,3,CAN,332,260,228,43
1027,D,17.08.2019 21:10,CZ,656,I,3,CAN,332,260,255,75
1028,A,17.08.2019 13:45,LO,675,I,5,WAW,E95,112,92,7
1029,D,17.08.2019 14:35,LO,676,I,5,WAW,E95,112,95,26
1030,A,17.08.2019 19:45,LO,677,I,5,WAW,E95,112,91,84
1031,D,17.08.2019 20:40,LO,678,I,5,WAW,E95,112,95,31
1032,A,17.08.2019 21:20,KC,873,I,5,TSE,321,179,137,187
1033,D,17.08.2019 22:20,KC,874,I,5,TSE,321,179,122,240
1034,A,17.08.2019 4:25,8L,881,I,2,KMG,333,303,292,52
1035,D,17.08.2019 6:15,8L,882,I,2,KMG,333,303,288,58
1036,D,17.08.2019 5:40,KL,900,I,5,AMS,73H,186,137,1
1037,A,17.08.2019 16:05,KL,903,I,5,AMS,73H,186,154,36
1038,D,17.08.2019 17:00,KL,904,I,5,AMS,73H,186,176,49
1039,A,17.08.2019 1:30,KL,907,I,5,AMS,73H,186,124,78
1040,A,17.08.2019 12:35,KL,901,I,5,AMS,73W,142,131,77
1041,D,17.08.2019 13:30,KL,902,I,5,AMS,73W,142,138,48
1042,A,17.08.2019 16:50,KE,923,I,3,ICN,789,269,190,84
1043,D,17.08.2019 18:55,KE,924,I,3,ICN,789,269,249,3
1044,A,17.08.2019 9:50,B2,975,I,2,MSQ,E95,107,105,59
1045,D,17.08.2019 10:35,B2,976,I,3,MSQ,E95,107,101,11
1046,A,17.08.2019 19:30,B2,977,I,2,MSQ,E95,107,105,80
1047,D,17.08.2019 20:30,B2,978,I,3,MSQ,E95,107,93,220
1048,A,17.08.2019 14:15,AF,1044,I,5,CDG,321,212,177,63
1049,D,17.08.2019 15:15,AF,1045,I,5,CDG,321,212,209,80
1050,A,17.08.2019 17:45,AF,1744,I,5,CDG,321,212,170,81
1051,D,17.08.2019 18:45,AF,1745,I,5,CDG,321,212,194,75
1052,A,17.08.2019 0:05,AF,1144,I,5,CDG,319,143,115,9
1053,D,17.08.2019 8:45,AF,1145,I,5,CDG,319,143,115,23
1054,A,17.08.2019 1:35,AF,1844,I,5,CDG,319,143,117,16
1055,D,17.08.2019 6:10,AF,1845,I,5,CDG,319,143,133,15
1056,D,17.08.2019 1:10,EO,1805,I,2,AYT,763,340,272,79
1057,A,17.08.2019 9:50,EO,1806,I,2,AYT,763,340,329,56
1058,A,17.08.2019 18:40,SN,2845,I,5,BRU,319,141,130,20
1059,D,17.08.2019 19:30,SN,2846,I,5,BRU,319,141,136,104
1060,A,17.08.2019 20:10,CZ,6001,I,3,URC,738,178,125,37
1061,D,17.08.2019 21:35,CZ,6002,I,3,URC,738,178,155,199
1062,D,17.08.2019 20:10,FV,6143,D,3,SIP,773,373,61,8
1063,A,17.08.2019 16:15,FV,6266,I,3,CMB,773,373,305,33
1064,D,17.08.2019 20:20,FV,6273,D,3,UUS,773,373,369,42
1065,A,17.08.2019 15:45,FV,6274,D,3,UUS,773,373,373,40
1066,D,17.08.2019 18:25,FV,6281,D,3,VVO,773,373,368,59
1067,A,17.08.2019 14:00,FV,6282,D,3,VVO,773,373,373,73
1068,D,17.08.2019 17:05,FV,6283,D,3,UUS,773,373,361,26
1069,A,17.08.2019 12:25,FV,6284,D,3,UUS,773,373,372,207
1070,D,17.08.2019 19:55,FV,6289,D,3,GDX,773,373,365,252
1071,A,17.08.2019 14:10,FV,6290,D,3,GDX,773,373,359,28
1072,D,17.08.2019 17:50,FV,6147,D,3,SIP,77W,457,145,8
1073,D,17.08.2019 8:25,FV,6151,D,3,SIP,77W,457,447,2
1074,A,17.08.2019 2:45,FV,6152,D,3,SIP,77W,457,454,83
1075,D,17.08.2019 19:50,FV,6285,D,3,PKC,77W,457,428,3
1076,A,17.08.2019 15:55,FV,6286,D,3,PKC,77W,457,451,22
1077,D,17.08.2019 18:30,FV,6287,D,3,KHV,77W,457,445,277
1078,A,17.08.2019 14:50,FV,6298,D,3,KHV,77W,457,452,3
1079,A,17.08.2019 12:30,FV,6288,D,3,KHV,74E,447,445,47
1080,D,17.08.2019 21:05,FV,6297,D,3,KHV,74E,447,444,172
1081,D,17.08.2019 14:05,RL,7505,I,2,NBE,77W,492,444,181
1082,D,17.08.2019 3:30,RL,7701,I,2,AYT,77W,492,490,38
1083,D,17.08.2019 10:35,RL,7703,I,2,AYT,77W,492,394,78
1084,A,17.08.2019 18:30,RL,7704,I,2,AYT,77W,492,394,37
1085,D,17.08.2019 15:45,RL,7705,I,2,AYT,77W,492,486,106
1086,A,17.08.2019 23:50,RL,7706,I,2,AYT,77W,492,489,106
1087,D,17.08.2019 13:40,RL,7525,I,2,GZP,752,224,224,209
1088,A,17.08.2019 22:00,RL,7526,I,2,GZP,752,224,222,46
1089,D,17.08.2019 3:05,RL,7543,I,2,DLM,752,224,221,47
1090,A,17.08.2019 11:15,RL,7544,I,2,DLM,752,224,220,49
1091,A,17.08.2019 18:05,HU,7985,I,5,PEK,333,292,280,44
1092,D,17.08.2019 19:55,HU,7986,I,5,PEK,333,292,269,197
1093,D,17.08.2019 2:50,ZF,9007,I,2,AYT,77W,531,425,46
1094,A,17.08.2019 23:30,ZF,9010,I,2,AYT,77W,531,425,43
